config_name	group	n_seeds	lm_val_bpb_mean	lm_val_bpb_sd	accuracy_mean	accuracy_sd	macro_f1_mean	macro_f1_sd	brier_mean	brier_sd	tokens_M_mean	display_name	proxy_rank_lm_val_bpb	downstream_rank_accuracy	downstream_rank_macro_f1	downstream_rank_brier
prospective_aux_weight_0p02_20260506	prospective	5	2.0018394	0.1434733595856736	0.4613332	0.027244028909102255	0.3201838	0.014264759556333226	0.6437345999999999	0.018740069084717956	7.140000000000001	Prospective aux 0.02	1	9	2	7
random_primary_best_7147e14	random	5	2.1402516	0.22368532939444208	0.5546664	0.011925593394041208	0.2572572	0.022468828089154992	0.5650976	0.005777350716375096	9.32	Random primary	2	2	8	1
random_accuracy_best_7e73835	random	5	2.2810227999999997	0.08784210547738472	0.5466666	0.006666500003750092	0.24821619999999997	0.015562029244285581	0.5722322	0.007531867610360591	9.8	Random accuracy	3	3	9	3
prospective_aux_weight_0p10_20260506	prospective	5	2.2813448000000003	0.260243563614357	0.4639998	0.027325055657765825	0.3153688	0.034337831042452284	0.6671395999999999	0.02602884068298083	7.9	Prospective aux 0.10	4	8	3	9
random_brier_best_8dc23be	random	5	2.3191244	0.10047531813485357	0.5546666	0.011925844951197454	0.285328	0.020362688231174216	0.5684504	0.003619478180622117	9.8	Random Brier	5	1	7	2
manual_warmup10_da0044c	manual	5	2.3521992000000003	0.08875613862826617	0.5133333999999999	0.031269509466891235	0.3098322	0.03593536900742777	0.6409186	0.0339361610645636	14.419999999999998	Manual warmup	6	5	6	6
agent_aux_a20f5b7	agent	5	2.376961	0.23182292385676614	0.496	0.05068416364605421	0.32906040000000003	0.042149735601780466	0.653167	0.03385338604187183	8.9	Agent auxiliary	7	7	1	8
manual_baseline_f1664dd	manual	5	2.382384	0.04095329829818363	0.5053333999999999	0.02921155022931851	0.3104612	0.02778546703224548	0.6355831999999999	0.022344355880177014	14.12	Manual baseline	8	6	5	5
random_macro_f1_best_8a1209b	random	5	2.5318487999999997	0.09550717356146605	0.5253334000000001	0.03783001747686617	0.311206	0.02994921537369552	0.6227296	0.029156748949428504	9.3	Random macro-F1	9	4	4	4
