config_name	display_name	group	n_seeds	lm_val_bpb_mean	lm_val_bpb_sd	accuracy_mean	accuracy_sd	macro_f1_mean	macro_f1_sd	brier_mean	brier_sd	lm_val_bpb_rank	accuracy_rank	macro_f1_rank	brier_rank
random_primary_best_7147e14	Random primary	random	5	2.1402516	0.223685329394442	0.5546664	0.011925593394041221	0.2572572	0.02246882808915498	0.5650976	0.005777350716375112	1	2	6	1
random_accuracy_best_7e73835	Random accuracy	random	5	2.2810228	0.08784210547738476	0.5466666	0.006666500003750058	0.24821620000000003	0.015562029244285588	0.5722322	0.0075318676103606355	2	3	7	3
random_brier_best_8dc23be	Random Brier	random	5	2.3191244	0.10047531813485355	0.5546666	0.011925844951197424	0.285328	0.020362688231174205	0.5684504	0.003619478180622172	3	1	5	2
manual_warmup10_da0044c	Manual warmup	manual	5	2.3521992000000003	0.08875613862826624	0.5133333999999999	0.031269509466891235	0.3098322	0.03593536900742775	0.6409186	0.03393616106456359	4	5	4	6
agent_aux_a20f5b7	Agent auxiliary	agent	5	2.376961	0.23182292385676612	0.496	0.05068416364605417	0.32906040000000003	0.04214973560178046	0.653167	0.0338533860418718	5	7	1	7
manual_baseline_f1664dd	Manual baseline	manual	5	2.382384	0.04095329829818361	0.5053333999999999	0.02921155022931851	0.3104612	0.027785467032245468	0.6355832	0.022344355880177	6	6	3	5
random_macro_f1_best_8a1209b	Random macro-F1	random	5	2.5318488	0.09550717356146607	0.5253334	0.03783001747686615	0.311206	0.029949215373695524	0.6227296	0.0291567489494285	7	4	2	4
