model	comparison	macro_f1_delta	accuracy_delta	brier_delta	question_context_macro_f1	comparison_macro_f1	question_context_accuracy	comparison_accuracy	question_context_brier	comparison_brier
frozen_biomedbert	question_only vs question_context	0.007551736504785522	0.00666666666666671	-0.06086017128923382	0.43652915711739254	0.44408089362217806	0.5266666666666666	0.5333333333333333	0.8099782086549103	0.7491180373656765
frozen_biomedbert	context_only vs question_context	-0.007498065401049414	-0.039999999999999925	-0.09041669398197616	0.43652915711739254	0.4290310917163431	0.5266666666666666	0.4866666666666667	0.8099782086549103	0.7195615146729342
frozen_biomedbert	question_shuffled_context_eval vs question_context	-0.14698556861220052	-0.1266666666666666	0.22477653502169082	0.43652915711739254	0.289543588505192	0.5266666666666666	0.4	0.8099782086549103	1.0347547436766011
tfidf_lr	question_only vs question_context	0.003930126560674596	0.03333333333333344	-0.02847826714632673	0.38858156411503075	0.39251169067570535	0.5266666666666666	0.56	0.6653447613593413	0.6368664942130146
tfidf_lr	context_only vs question_context	-0.03393219741747128	-0.013333333333333308	7.384622947248509e-06	0.38858156411503075	0.3546493666975595	0.5266666666666666	0.5133333333333333	0.6653447613593413	0.6653521459822885
tfidf_lr	question_shuffled_context_eval vs question_context	-0.08842093837300968	-0.07999999999999996	-1.9329288314606785e-05	0.38858156411503075	0.30016062574202107	0.5266666666666666	0.44666666666666666	0.6653447613593413	0.6653254320710267
