phase	split	config_name	group	n	seeds	lm_val_bpb_mean	lm_val_bpb_sd	pubmedqa_acc_mean	pubmedqa_acc_sd	pubmedqa_macro_f1_mean	pubmedqa_macro_f1_sd	pubmedqa_brier_mean	pubmedqa_brier_sd	tokens_M_mean	tokens_M_sd	f1_yes_mean	f1_yes_sd	f1_no_mean	f1_no_sd	f1_maybe_mean	f1_maybe_sd	pred_frac_yes_mean	pred_frac_yes_sd	pred_frac_no_mean	pred_frac_no_sd	pred_frac_maybe_mean	pred_frac_maybe_sd
prospective_aux_weight_20260506	val	prospective_aux_weight_0p02_20260506	prospective	5	42,43,44,45,46	2.001839	0.143473	0.461333	0.027244	0.320184	0.014265	0.643735	0.018740	7.140000	0.581378	0.569235	0.052594	0.391316	0.044543	0.000000	0.000000	0.556000	0.096908	0.389333	0.097365	0.054667	0.020221
prospective_aux_weight_20260506	val	prospective_aux_weight_0p10_20260506	prospective	5	42,43,44,45,46	2.281345	0.260244	0.464000	0.027325	0.315369	0.034338	0.667140	0.026029	7.900000	0.346410	0.589115	0.065308	0.294769	0.097490	0.062222	0.056982	0.642667	0.144037	0.330667	0.150967	0.026667	0.009428
