split	model	display_name	group	n_examples	n_seeds	accuracy	accuracy_ci_low	accuracy_ci_high	macro_f1	macro_f1_ci_low	macro_f1_ci_high	brier	brier_ci_low	brier_ci_high	f1_support	f1_contradict	f1_not_enough_info
dev	majority_train	Majority	baseline	339	1	0.4070796460176991	0.3539823008849557	0.4601769911504424	0.1928721174004193	0.1742919389978213	0.2101010101010101	1.1858407079646018	1.079646017699115	1.2920353982300885	0.578616352201258	0.0	0.0
dev	frozen_biomedbert	Frozen BiomedBERT	biomedical_encoder	339	1	0.4867256637168141	0.4336283185840708	0.5398230088495575	0.438102965675029	0.3924460277133493	0.484430953084229	0.8519487982263685	0.7645957333592907	0.9397948520587198	0.4328358208955223	0.1486486486486486	0.732824427480916
dev	tfidf_scifact_selected	TF-IDF LR	traditional_baseline	339	1	0.4572271386430678	0.4041297935103244	0.5103244837758112	0.4264040291001664	0.3790368070235899	0.4736932087542479	0.6475073397103115	0.6188186195362437	0.6762679631279577	0.3643410852713178	0.2278481012658228	0.6870229007633587
