dataset	split	n	majority_label	majority_accuracy	majority_macro_f1	count_yes	frac_yes	count_no	frac_no	count_maybe	frac_maybe	count_support	frac_support	count_contradict	frac_contradict	count_not_enough_info	frac_not_enough_info
PubMedQA PQA-L	train	700	yes	0.5514285714285714	0.2369551872314303	386.0	0.5514285714285714	237.0	0.3385714285714286	77.0	0.11						
PubMedQA PQA-L	val	150	yes	0.5533333333333333	0.23748211731044352	83.0	0.5533333333333333	51.0	0.34	16.0	0.10666666666666667						
PubMedQA PQA-L	test	150	yes	0.5533333333333333	0.23748211731044352	83.0	0.5533333333333333	50.0	0.3333333333333333	17.0	0.11333333333333333						
SciFact cited-document	train	919	SUPPORT	0.40261153427638735	0.19136281355055595							370.0	0.40261153427638735	194.0	0.21109902067464636	355.0	0.3862894450489663
SciFact cited-document	dev	339	SUPPORT	0.40707964601769914	0.19287211740041932							138.0	0.40707964601769914	71.0	0.20943952802359883	130.0	0.3834808259587021
