display_name	family	accuracy	macro_f1	f1_yes	f1_no	f1_maybe	brier	ece	mean_confidence	pred_frac_yes	pred_frac_no	pred_frac_maybe
BioBERT	biomedical	0.56	0.38278608050616336	0.6629213483146067	0.4854368932038835	0.0	0.5860753324482706	0.12455686648686723	0.6615466062227885	0.6333333333333333	0.3466666666666667	0.02
BiomedBERT	biomedical	0.5266666666666666	0.4351482412203475	0.6064516129032258	0.5225225225225224	0.17647058823529413	0.7033580924714422	0.2575326728820801	0.7813208945592245	0.48	0.4	0.12
BioLinkBERT	biomedical-link	0.5466666666666666	0.36912641540397134	0.6519337016574586	0.45544554455445546	0.0	0.617557102693454	0.14245930314064023	0.6791787739594778	0.6533333333333333	0.3333333333333333	0.013333333333333334
BioClinicalBERT	clinical	0.46	0.30888888888888894	0.5666666666666667	0.36000000000000004	0.0	0.7174502411651609	0.22981902539730073	0.6669398047526678	0.6466666666666666	0.32666666666666666	0.02666666666666667
BERT	general	0.5	0.38964646464646474	0.6022727272727274	0.4	0.16666666666666666	0.6511110590613788	0.1788924294710159	0.6592593028148015	0.62	0.32666666666666666	0.05333333333333334
SciBERT	scientific	0.47333333333333333	0.33571295779884736	0.588957055214724	0.4181818181818182	0.0	0.8899097769908818	0.3966382881005605	0.8699716214338938	0.5333333333333333	0.3933333333333333	0.07333333333333333
TF-IDF LR	sparse	0.4666666666666667	0.3516457811194654	0.5714285714285715	0.4035087719298246	0.08	0.6545955414290154	0.11747395669128174	0.34919270997538493	0.52	0.42	0.06
