config_name	group	n	seeds	lm_val_bpb_mean	lm_val_bpb_sd	pubmedqa_acc_mean	pubmedqa_acc_sd	pubmedqa_macro_f1_mean	pubmedqa_macro_f1_sd	pubmedqa_brier_mean	pubmedqa_brier_sd	tokens_M_mean
manual_baseline_f1664dd	manual	5	42,43,44,45,46	2.382384	0.040953	0.505333	0.029212	0.310461	0.027785	0.635583	0.022344	14.12
manual_warmup10_da0044c	manual	5	42,43,44,45,46	2.352199	0.088756	0.513333	0.03127	0.309832	0.035935	0.640919	0.033936	14.42
random_accuracy_best_7e73835	random	5	42,43,44,45,46	2.281023	0.087842	0.546667	0.006667	0.248216	0.015562	0.572232	0.007532	9.8
random_brier_best_8dc23be	random	5	42,43,44,45,46	2.319124	0.100475	0.554667	0.011926	0.285328	0.020363	0.56845	0.003619	9.8
random_macro_f1_best_8a1209b	random	5	42,43,44,45,46	2.531849	0.095507	0.525333	0.03783	0.311206	0.029949	0.62273	0.029157	9.3
random_primary_best_7147e14	random	5	42,43,44,45,46	2.140252	0.223685	0.554666	0.011926	0.257257	0.022469	0.565098	0.005777	9.32
agent_aux_a20f5b7	agent	5	42,43,44,45,46	2.376961	0.231823	0.496	0.050684	0.32906	0.04215	0.653167	0.033853	8.9
