model	display_name	group	n_predictions	n_examples	n_seeds	accuracy	brier	ece	mce	mean_confidence	mean_confidence_correct	mean_confidence_wrong	mean_entropy	high_conf_wrong_rate	wrong_high_conf_fraction
majority_train	Majority	baseline	150	150	1	0.5533333333333333	0.8933333333333333	0.44666666666666666	0.44666666666666666	1.0	1.0	1.0	5.5262042231857085e-11	0.44666666666666666	1.0
random_brier_best_8dc23be	Random Brier best	autoresearch	750	150	5	0.5546666666666666	0.5684502927726186	0.019722983257149218	0.3216404589157599	0.5715727643463199	0.5757615525377365	0.5663555910300644	0.8951790188175343	0.004	0.008982035928143712
random_primary_best_7147e14	Random primary	autoresearch	750	150	5	0.5546666666666666	0.5650975540595828	0.03214262495778478	0.2680631857732657	0.5735741226641463	0.5759360643147522	0.570632303123272	0.9066379705912971	0.0	0.0
agent_aux_a20f5b7	Agent auxiliary	autoresearch	750	150	5	0.496	0.6531670325836474	0.16136886248286825	0.35339137920606134	0.651036066256972	0.6537563047247883	0.6483590061775336	0.7537236949213165	0.07466666666666667	0.14814814814814814
tfidf_lr_selected	TF-IDF LR	reference	150	150	1	0.5066666666666667	0.6653418246990503	0.1719460931654601	0.1719460931654601	0.3347205735012066	0.33471018868993235	0.3347312389830558	1.0986018937996949	0.0	0.0
frozen_biomedbert	Frozen BiomedBERT	reference	150	150	1	0.5266666666666666	0.8099799996331408	0.35585687955220546	0.5659726478836753	0.8755613891283671	0.8911130322685724	0.8582574481695471	0.293976529014532	0.32	0.676056338028169
