x	y	pearson	spearman	n
lm_val_bpb	pubmedqa_acc	-0.42094536966790325	-0.46327577862855457	35
lm_val_bpb	pubmedqa_macro_f1	0.40243095897625536	0.38923552108371845	35
lm_val_bpb	pubmedqa_brier	0.5175688756180965	0.5588235294117647	35
lm_val_bpb	tokens_M	0.11225631163327486	-0.15493894155998644	35
